Date,Return,MLE_VaR_95,Bayesian_VaR_95,MLE_Breach,Bayesian_Breach
2024-11-26,0.5705697155263866,-1.3746216165668936,-1.2679818801463696,False,False
2024-11-27,-0.38084810835777116,-1.3655547228542115,-1.2656664367663855,False,False
2024-11-29,0.5592120396801623,-1.3170271629608448,-1.2180755048229894,False,False
2024-12-02,0.24454638805813736,-1.3108354387344598,-1.2207767523122852,False,False
2024-12-03,0.04513472420221813,-1.2756022239254483,-1.1839561163194832,False,False
2024-12-04,0.603318162813612,-1.22871786105505,-1.1364923827409656,False,False
2024-12-05,-0.18715258393823342,-1.241756198442071,-1.1646174153867994,False,False
2024-12-06,0.24923453675383123,-1.188599857803322,-1.1139301858507566,False,False
2024-12-09,-0.6163167285227462,-1.1513703415748062,-1.0818877536162306,False,False
2024-12-10,-0.2968284314279252,-1.1648834341985068,-1.1115506951615803,False,False
2024-12-11,0.8132626411368236,-1.1214120700662296,-1.0728891111383847,False,False
2024-12-12,-0.5428731461463251,-1.1828362719339427,-1.1584316424460552,False,False
2024-12-13,-0.002646698937187397,-1.1650624887524832,-1.1468588966284432,False,False
2024-12-16,0.37921550087844297,-1.1265620336029354,-1.1045637553436327,False,False
2024-12-17,-0.3871479480655496,-1.1319245075111977,-1.113704012419051,False,False
2024-12-18,-2.993650530451818,-1.1023857696354602,-1.090361247146307,True,True
2024-12-19,-0.08654867505367933,-1.921368557638683,-2.0821025264085824,False,False
2024-12-20,1.08104794023973,-1.6660807550149137,-1.7847601566533033,False,False
2024-12-23,0.7260849585616372,-1.6628011069922892,-1.7734508670037683,False,False
2024-12-24,1.0982233165126825,-1.7037745450273543,-1.794081069237473,False,False
2024-12-26,-0.04057410882578191,-1.7305945880810991,-1.8035705159292714,False,False
2024-12-27,-1.1117304964912211,-1.6930105670947007,-1.7274235830218636,False,False
2024-12-30,-1.0759673941729728,-1.679414722870239,-1.7150024305146476,False,False
2024-12-31,-0.4294006458982307,-1.6797757284853705,-1.706933623285308,False,False
2025-01-02,-0.22263631494489922,-1.6086172761827198,-1.6037285710529492,False,False
2025-01-03,1.251735670782609,-1.5787657732698173,-1.5423984462088216,False,False
2025-01-06,0.5522766496818171,-1.6432394017096905,-1.6320073411576541,False,False
2025-01-07,-1.116602151663701,-1.6458002859616512,-1.6141927327957588,False,False
2025-01-08,0.15591440938312423,-1.6555981140839935,-1.6399943408606206,False,False
2025-01-10,-1.5531637650233374,-1.5743224986178606,-1.5286560957393514,False,True
2025-01-13,0.15742043780551176,-1.6810950164257543,-1.6799158713863303,False,False
2025-01-14,0.1145623334164268,-1.6068939961666906,-1.5728436112243276,False,False
2025-01-15,1.8147132504516372,-1.561292477762639,-1.4991358802919708,False,False
2025-01-16,-0.21149243408667612,-1.7619810306281876,-1.7805457673329221,False,False
2025-01-17,0.9941478308394033,-1.728326961669643,-1.7098411169332166,False,False
2025-01-21,0.8730009440596049,-1.7447461261845036,-1.7165422502321708,False,False
2025-01-22,0.611918108699413,-1.742528766614314,-1.6993341679470175,False,False
2025-01-23,0.5299419459529372,-1.7233170954686983,-1.6572282382432022,False,False
2025-01-24,-0.2859215984467759,-1.6767603677847938,-1.5885003468453813,False,False
2025-01-27,-1.4688059032112328,-1.5896434978882392,-1.482275275781789,False,False
2025-01-28,0.9175644177716802,-1.6960373570267255,-1.6487496609992036,False,False
2025-01-29,-0.4689876056919602,-1.6582835012764083,-1.6052587312578919,False,False
2025-01-30,0.5261548152180238,-1.624321162271185,-1.5477492152503682,False,False
2025-01-31,-0.5059603990267195,-1.5935162338147295,-1.5021456250753353,False,False
2025-02-03,-0.7637690729495203,-1.5578623062740695,-1.4539572454136427,False,False
2025-02-04,0.7198907403029112,-1.5576215062548986,-1.4576554160574913,False,False
2025-02-05,0.39010539156136137,-1.5165351918493526,-1.417266297430586,False,False
2025-02-06,0.3637674355266266,-1.4831569023448998,-1.3725865179820316,False,False
2025-02-07,-0.9509845693660199,-1.4698774825363468,-1.3505563334283939,False,False
2025-02-10,0.6690112295455173,-1.4714665633103958,-1.3810097276362672,False,False
2025-02-11,0.03395251436738552,-1.458415536049953,-1.3701199560566952,False,False
2025-02-12,-0.27275831896475755,-1.4230327021754507,-1.3189843348063968,False,False
2025-02-13,1.0372313214235747,-1.3611430812109622,-1.2500815358475594,False,False
2025-02-14,-0.00719463955744955,-1.43640266985707,-1.3638792314582884,False,False
2025-02-18,0.24420036555518088,-1.3818139031091712,-1.2939713153937527,False,False
2025-02-19,0.23741488668242433,-1.3613406476693053,-1.2651010331655914,False,False
2025-02-20,-0.4343604884290259,-1.3117717635849595,-1.209969278219835,False,False
2025-02-21,-1.7211396672539132,-1.2703425399335415,-1.1749785596354352,True,True
2025-02-24,-0.4981493566252351,-1.4664087807247002,-1.4787151474657692,False,False
2025-02-25,-0.4690715138395557,-1.4147705955468066,-1.405343221689001,False,False
2025-02-26,0.013601502958346572,-1.3892179738685817,-1.359352833772429,False,False
2025-02-27,-1.5991742678524652,-1.3488084557598068,-1.2969676433142419,True,True
2025-02-28,1.5729780420663384,-1.517133266213878,-1.5332903695383244,False,False
2025-03-03,-1.7753402648308867,-1.6546148100794498,-1.716404243079013,True,True
2025-03-04,-1.2310288231505477,-1.830942214015173,-1.916872602455849,False,False
2025-03-05,1.1097472528735688,-1.80332255244029,-1.8707685885706804,False,False
2025-03-06,-1.7979677107455567,-1.830590981381203,-1.8859660980258035,False,False
2025-03-07,0.5505435045454466,-1.9988923614932907,-2.0578846582178363,False,False
2025-03-10,-2.734354178842815,-1.902612470521963,-1.9228447000475735,True,True
2025-03-11,-0.7596646918536578,-2.316538369758107,-2.3823480234682397,False,False
2025-03-12,0.48749679404907775,-2.1915045427205966,-2.211126817325329,False,False
2025-03-13,-1.3988366806464148,-2.113257921507336,-2.0947594220184835,False,False
2025-03-14,2.1042905953196938,-2.165053318325853,-2.1278452112755626,False,False
2025-03-17,0.6395634974606036,-2.362804105360276,-2.356599559567466,False,False
2025-03-18,-1.0710667074319702,-2.2967521178699477,-2.2496970939341074,False,False
2025-03-19,1.0740608172953767,-2.2380113562994435,-2.170884920654032,False,False
2025-03-20,-0.2187283513782985,-2.2081072583292682,-2.1220948162219497,False,False
2025-03-21,0.0824313607832321,-2.1155561623842787,-1.9925630719875598,False,False
2025-03-24,1.749211712863917,-2.018729690471899,-1.8632571809960765,False,False
2025-03-25,0.15730954906538205,-2.1622645815047346,-2.0540423485717403,False,False
2025-03-26,-1.1219640357598033,-2.0658773690069543,-1.9224801726937455,False,False
2025-03-27,-0.33124610071321114,-2.0221636935481504,-1.8861845568134739,False,False
2025-03-28,-1.9934601126853548,-1.9322306140535268,-1.7696612146916946,True,True
2025-03-31,0.5523240357645721,-2.0899629468778,-1.9970547528923883,False,False
2025-04-01,0.37741045552120667,-2.0415840192453003,-1.9207780276234687,False,False
2025-04-02,0.6705661429484109,-1.9691982856945787,-1.8200332580533267,False,False
2025-04-03,-4.960591182899663,-1.9427935912003802,-1.7799573660514492,True,True
2025-04-04,-6.160906189823093,-3.0512874703783885,-3.233135224300437,True,True
2025-04-07,-0.23341946059635882,-4.670685613981818,-4.849437968554635,False,False
2025-04-08,-1.5825083277054854,-4.1373615957314875,-4.23827351071229,False,False
2025-04-09,9.089487983303645,-4.157589893929813,-4.175576161746537,False,False
2025-04-10,-3.522060702411168,-6.102290408915316,-6.196544323226878,False,False
2025-04-11,1.793038083577807,-6.318818321290626,-6.250681119345926,False,False
2025-04-14,0.7913319326342991,-6.117781595203828,-5.916599493155029,False,False
2025-04-15,-0.1729275225300909,-5.816342344372167,-5.5292102300567345,False,False
2025-04-16,-2.2663253964902528,-5.411044877397156,-5.050157370876771,False,False
2025-04-17,0.1325958623772775,-5.190888482747169,-4.781782820145369,False,False
2025-04-21,-2.384964833401801,-4.982260348506657,-4.508810091374719,False,False
2025-04-22,2.480695212545062,-4.774405858317709,-4.292674005322303,False,False
2025-04-23,1.6523864366879457,-4.843943298436745,-4.370485596722208,False,False
2025-04-24,2.0056628082583163,-4.674785813127141,-4.154907233751572,False,False
2025-04-25,0.7346084795700513,-4.553403791063872,-4.013309326210326,False,False
2025-04-28,0.06405015390019334,-4.317239062928701,-3.7413425950106096,False,False
2025-04-29,0.5785641545556399,-4.039203676021876,-3.4401332509242457,False,False
2025-04-30,0.14788972519335208,-3.841747068570061,-3.238290942054751,False,False
2025-05-01,0.6279345716451974,-3.582971664940393,-2.9883263032875838,False,False
2025-05-02,1.461919110911272,-3.383599661040203,-2.8183111959183087,False,False
2025-05-05,-0.6402047029318447,-3.325912256499503,-2.7965764178634505,False,False
2025-05-06,-0.7722985278391797,-3.0650868983167676,-2.581066048010089,False,False
2025-05-07,0.4336938106710132,-2.882183945633866,-2.444538981429871,False,False
2025-05-08,0.5783021147465641,-2.7124822381728917,-2.3404658417392104,False,False
2025-05-09,-0.07117341348763633,-2.5269575312213672,-2.2153253638000256,False,False
2025-05-12,3.2039976677020814,-2.2923948231306333,-2.0705050311760425,False,False
2025-05-13,0.7222059020245977,-3.0600322298694103,-2.738139343586663,False,False
2025-05-14,0.10238912422760539,-2.858693797401104,-2.5328243593036426,False,False
2025-05-15,0.4123817438757677,-2.667836535013645,-2.352129316768405,False,False
2025-05-16,0.6980849368100189,-2.5264166576333915,-2.2296524238687976,False,False
2025-05-19,0.08757295660482738,-2.40152042458794,-2.124949783524918,False,False
2025-05-20,-0.38877770695725783,-2.2166555368842324,-1.9684788305043017,False,False
2025-05-21,-1.6266719267758898,-2.0911793544355364,-1.8730104797423754,False,False
2025-05-22,-0.04449700224211693,-2.171442452366874,-1.952649948621954,False,False
2025-05-23,-0.6730899591473138,-2.079814951191913,-1.878003955209644,False,False
2025-05-27,2.0252580802184372,-1.9494187888282761,-1.7674579977326448,False,False
2025-05-28,-0.5586802576444734,-2.2926822154208457,-2.119576856803625,False,False
2025-05-29,0.40031708706317415,-2.113902038226766,-1.9488529977665545,False,False
2025-05-30,-0.008118845699520563,-2.0127477793934796,-1.8530948252990775,False,False
2025-06-02,0.4093651490626028,-1.9013962061555192,-1.7504363321456295,False,False
2025-06-03,0.5783533535368979,-1.8033862537089496,-1.662281988394877,False,False
2025-06-04,0.007368474471916267,-1.7463146919686299,-1.6149513323248588,False,False
2025-06-05,-0.5291357978698112,-1.6345997498193892,-1.5169031693970052,False,False
2025-06-06,1.0228196215376713,-1.5586530529469447,-1.4523233871246228,False,False
2025-06-09,0.09195251863913659,-1.6478753039002467,-1.5470270453494614,False,False
2025-06-10,0.5468012541646841,-1.5253376657697109,-1.4321751290061382,False,False
2025-06-11,-0.2747660318287345,-1.4951083966263952,-1.4091523145345195,False,False
2025-06-12,0.38151330716763876,-1.4165230762496626,-1.3394606813320755,False,False
2025-06-13,-1.136066859010289,-1.3599628584787087,-1.290963608468216,False,False
2025-06-16,0.93488231481891,-1.4325667297092584,-1.3538293578982885,False,False
2025-06-17,-0.8387259723643135,-1.541242398346972,-1.473827877799776,False,False
2025-06-18,-0.030928803472058796,-1.4641590410339036,-1.4019492635801485,False,False
2025-06-20,-0.2181035215587759,-1.4678746561617757,-1.4054364328217204,False,False
2025-06-23,0.9560655071259438,-1.3681220758567905,-1.3090782565272912,False,False
2025-06-24,1.1060328616958608,-1.4489744360631378,-1.3894194778312445,False,False
2025-06-25,-0.0003286108349665331,-1.567548301458954,-1.4995709682758487,False,False
2025-06-26,0.7988131032516798,-1.4623455864837198,-1.393875012751237,False,False
2025-06-27,0.5205399256150098,-1.468167076173119,-1.3962532281221534,False,False
2025-06-30,0.5151137506128882,-1.4376123761359827,-1.3650705039046447,False,False
2025-07-01,-0.11191571098791434,-1.3778613567229618,-1.308867493221214,False,False
2025-07-02,0.47338743064907746,-1.3373509120547722,-1.2668634322577472,False,False
2025-07-03,0.8304378210663941,-1.3176537574952727,-1.249806939691435,False,False
2025-07-07,-0.7893368104244017,-1.3634201163501103,-1.2945087202840395,False,False
2025-07-08,-0.07161432504695749,-1.3471308268761157,-1.2811155874923221,False,False
2025-07-09,0.604380277677969,-1.3311404726388947,-1.2661602645723211,False,False
2025-07-10,0.27424410729257914,-1.330220498386372,-1.2638102684209624,False,False
2025-07-11,-0.33029717732258423,-1.2744981370688795,-1.2093708356813644,False,False
2025-07-14,0.14064243309367944,-1.2242231423154757,-1.1609414663401503,False,False
2025-07-15,-0.3964145065672561,-1.1699721104350267,-1.1112999201607523,False,False
2025-07-16,0.31885685253844154,-1.1673249143602131,-1.1126011333651495,False,False
2025-07-17,0.5359380240011014,-1.1492822377842413,-1.099372513642372,False,False
2025-07-18,-0.009049030280841674,-1.1652071480501602,-1.1167990864070216,False,False
2025-07-21,0.13981570056732562,-1.1134214082930443,-1.0703970294821854,False,False
2025-07-22,0.0637328496666757,-1.0727542548608604,-1.035725664848048,False,False
2025-07-23,0.7781532145702873,-1.0449485877479556,-1.015170435328387,False,False
2025-07-24,0.06979799969332513,-1.1389945379822275,-1.1018508769090907,False,False
2025-07-25,0.39664510016805515,-1.082358814159449,-1.050708155335218,False,False
2025-07-28,0.017684247126657598,-1.0838396829263104,-1.0549545254043629,False,False
2025-07-29,-0.2963830197466829,-1.037551403398783,-1.0150171152670793,False,False
2025-07-30,-0.1250213938509471,-1.0054199532209243,-0.9875234093140639,False,False
2025-07-31,-0.3701662046374567,-1.0034316842599493,-0.9918209428218977,False,False
2025-08-01,-1.61213871855698,-0.9687042128535478,-0.9617502134144231,True,True
2025-08-04,1.4629564491414495,-1.320410423508371,-1.2631663540937614,False,False
2025-08-05,-0.48697037804620164,-1.6281392916935544,-1.5733105594762822,False,False
2025-08-06,0.7255522219852605,-1.5046239838660906,-1.4571668007058076,False,False
2025-08-07,-0.07977981718278668,-1.5209460777017123,-1.4696502862277676,False,False
2025-08-08,0.7769454816389475,-1.4279427318054019,-1.37870567811923,False,False
2025-08-11,-0.2507268393885107,-1.4642110872583252,-1.4101335951836005,False,False
2025-08-12,1.1281559075170764,-1.3518195894223888,-1.3009852633263368,False,False
2025-08-13,0.32248733840464017,-1.4933157317466943,-1.4424159084151178,False,False
2025-08-14,0.030304487855445178,-1.4216500257876752,-1.365959871415775,False,False
2025-08-15,-0.29013399163647113,-1.3433063303145132,-1.289449866631738,False,False
2025-08-18,-0.010076825773579618,-1.2961406015655874,-1.2448950121639346,False,False
2025-08-19,-0.5875329112207127,-1.2478329036128186,-1.1992695866627336,False,False
2025-08-20,-0.24346306322649572,-1.2321055312408786,-1.184204254546046,False,False
2025-08-21,-0.40122197289511224,-1.200547653073427,-1.1549446624599076,False,False
2025-08-22,1.507228515877914,-1.1643092987561237,-1.1209173743526253,False,False
2025-08-25,-0.42755125396463195,-1.497007336300649,-1.4463786127272413,False,False
2025-08-26,0.412547371011636,-1.382327200792701,-1.3366728847591267,False,False
2025-08-27,0.23881304533030262,-1.358644812622499,-1.313203889378098,False,False
2025-08-28,0.3151747441466755,-1.2994843255030164,-1.2542674901479849,False,False
2025-08-29,-0.6418740402792551,-1.2710247008009508,-1.2270557409532539,False,False
2025-09-02,-0.6946350061030363,-1.2464876513405048,-1.203888768531689,False,False
2025-09-03,0.5087112302941308,-1.248855768038135,-1.200966344127356,False,False
2025-09-04,0.8311847102873572,-1.282236569909444,-1.240587683567752,False,False
2025-09-05,-0.317017266993674,-1.3377016128399093,-1.289087494921796,False,False
2025-09-08,0.21037644508885675,-1.272202265842703,-1.2268405905469313,False,False
2025-09-09,0.26845470300734414,-1.2248303520284458,-1.1804073898312843,False,False
2025-09-10,0.29790282293981274,-1.1898721360602367,-1.1489536107657063,False,False
2025-09-11,0.8450087623093565,-1.1434977290514852,-1.1050454754853047,False,False
2025-09-12,-0.04828778814283294,-1.2410575737646508,-1.201436521243183,False,False
2025-09-15,0.4695577726559718,-1.1762355362646835,-1.1396882855329178,False,False
2025-09-16,-0.12887604333313246,-1.1322992837973715,-1.0991275779167238,False,False
2025-09-17,-0.09706390782443865,-1.1084784190762222,-1.0772460453723454,False,False
2025-09-18,0.47776878367082626,-1.1060224542458539,-1.0788698823011729,False,False
2025-09-19,0.48735239374811773,-1.0954598233264103,-1.068173148245437,False,False
2025-09-22,0.4400350714762291,-1.1052200723764076,-1.0792588181449125,False,False
2025-09-23,-0.5517351828739722,-1.0694703779914152,-1.0461257239568382,False,False
2025-09-24,-0.28506771652953694,-1.1024964086169247,-1.075075702914719,False,False
2025-09-25,-0.5021648742526333,-1.0920712902060055,-1.0687217208158502,False,False
2025-09-26,0.5884489130413512,-1.0817379893959183,-1.0616233026851003,False,False
2025-09-29,0.26320772599126185,-1.1422945313091546,-1.1230906315805687,False,False
2025-09-30,0.40825036135079196,-1.071225918585087,-1.052936674878379,False,False
2025-10-01,0.3394154171223507,-1.0752253774843177,-1.0610710594540413,False,False
2025-10-02,0.06181636213842447,-1.0512078463857886,-1.0421059493554812,False,False
2025-10-03,0.00655106568658717,-1.0199125148730896,-1.0143997240222653,False,False
2025-10-06,0.3639959282762629,-0.9914816772336569,-0.9928499857010146,False,False
2025-10-07,-0.3818687706853079,-0.9949923890574366,-0.9997527474468652,False,False
2025-10-08,0.5810748494187323,-0.9655046968909003,-0.9749107835391906,False,False
2025-10-09,-0.27593739802789824,-1.034029533692478,-1.0443353911742987,False,False
2025-10-10,-2.748597543989981,-0.9930904065618678,-1.0080164611585256,True,True
2025-10-13,1.547826303693403,-1.8024044273098565,-1.7348564644326312,False,False
2025-10-14,-0.15655514969425702,-2.068188405369549,-2.0103578322290963,False,False
2025-10-15,0.40179185034279785,-1.8443851317617352,-1.7884193140292517,False,False
2025-10-16,-0.6314280275141976,-1.7904529459951462,-1.7360073732649577,False,False
2025-10-17,0.5256873944526299,-1.601343276801746,-1.5437737280170478,False,False
2025-10-20,1.0615724136144116,-1.7463207097997766,-1.6965294963609405,False,False
2025-10-21,0.0032695916416987966,-1.7677241632124747,-1.6859857539940415,False,False
2025-10-22,-0.535183477474303,-1.627662544801812,-1.5463141790810142,False,False
2025-10-23,0.5810479862013386,-1.551735549196533,-1.4718166223733886,False,False
2025-10-24,0.7871361975244856,-1.555040285874219,-1.478553410259572,False,False
2025-10-27,1.221514132737935,-1.5487854791644144,-1.4684691475483143,False,False
2025-10-28,0.22853305022299256,-1.6268418023936153,-1.5404646018300578,False,False
2025-10-29,-0.004357920473317536,-1.538227589379073,-1.4531770629397547,False,False
2025-10-30,-0.9954191424534511,-1.4630813199199315,-1.3802786068754036,False,False
2025-10-31,0.26145009178832707,-1.5216418532792615,-1.4392287810852344,False,False
2025-11-03,0.17192339969181522,-1.4448253065335264,-1.3643512018316573,False,False
2025-11-04,-1.1806250392326718,-1.3968381883716794,-1.3200930650952354,False,False
2025-11-05,0.36468976756877186,-1.4570575365888954,-1.3848306695977362,False,False
2025-11-06,-1.1241134514722728,-1.4599417282922384,-1.3919475587828827,False,False
2025-11-07,0.12610463474931072,-1.4824980361626479,-1.4205024435964395,False,False
2025-11-10,1.5283626703501816,-1.4521110841996725,-1.3906920851896545,False,False
2025-11-11,0.20731999523923178,-1.6779298382616585,-1.6102898642199284,False,False
2025-11-12,0.06293191259445972,-1.5742796112953437,-1.5034540846181426,False,False
2025-11-13,-1.6695451630927778,-1.4849121834548187,-1.4133109483897093,True,True
2025-11-14,-0.05018514712717733,-1.6708226866271294,-1.5962048870472205,False,False
2025-11-17,-0.9204497894305158,-1.6394532303622364,-1.561690965052182,False,False
2025-11-18,-0.8290709844169318,-1.5858185293964127,-1.5079488768002764,False,False
2025-11-19,0.37468077372653297,-1.5931167896330414,-1.5047783050588928,False,False
2025-11-20,-1.568972611631523,-1.591698559529278,-1.5068951053573998,False,True
2025-11-21,0.9775103041592068,-1.6868615807822431,-1.612084184748206,False,False
2025-11-24,1.5348818899081837,-1.801884837285936,-1.7338777586003498,False,False
2025-11-25,0.9020886000832944,-1.9551536717395201,-1.8609130834266228,False,False
2025-11-26,0.6882969436149685,-1.9152083632054233,-1.808102483052162,False,False
2025-11-28,0.5340487341137372,-1.8465415786187487,-1.734112522710178,False,False
2025-12-01,-0.5337548746055967,-1.7665679415773052,-1.65226078193885,False,False
2025-12-02,0.24542211959366173,-1.6703893347147178,-1.5596341753035254,False,False
2025-12-03,0.2975360521085286,-1.619401527911609,-1.5115128759921155,False,False
2025-12-04,0.1079738711974404,-1.5468752869645177,-1.441447372800084,False,False
2025-12-05,0.19347688846794775,-1.4692738704552613,-1.3679403335197329,False,False
2025-12-08,-0.34833153316476934,-1.4064449015692493,-1.3106845412717034,False,False
2025-12-09,-0.08767431610132385,-1.322631008765744,-1.2329453341784877,False,False
2025-12-10,0.6726880659139977,-1.288171692044982,-1.2052978123997964,False,False
2025-12-11,0.207719198371703,-1.3222979366682748,-1.2486785365259192,False,False
2025-12-12,-1.0720913458554537,-1.2692442607011176,-1.200776164720167,False,False
2025-12-15,-0.15978388918367073,-1.3348680997999351,-1.2741915333162945,False,False
2025-12-16,-0.238676400843967,-1.282417873655674,-1.223471526852589,False,False
2025-12-17,-1.165985661137129,-1.252316585120853,-1.1959881019736185,False,False
2025-12-18,0.7902951520479157,-1.3677635467830556,-1.3128756992018522,False,False
2025-12-19,0.8779407421828872,-1.4123338284308662,-1.3606691081586306,False,False
2025-12-22,0.6415870575561936,-1.4728785259708848,-1.4166017890291145,False,False
2025-12-23,0.4540067046788208,-1.4407751712879802,-1.3776965513781658,False,False
2025-12-24,0.32163043447007084,-1.3889545494564608,-1.3247212921932832,False,False
2025-12-26,-0.030440987710828846,-1.3494527886442484,-1.2866159343306347,False,False
2025-12-29,-0.3498162923937312,-1.2783122382645502,-1.218212459599785,False,False
2025-12-30,-0.1376614250653447,-1.2328470315243323,-1.176116790580858,False,False
2025-12-31,-0.7384867434248815,-1.1953602928879397,-1.142480062262614,False,False
2026-01-02,0.18929140261155547,-1.219572806585449,-1.1689919076877893,False,False
2026-01-05,0.6334024511051581,-1.199417122595447,-1.153771448369356,False,False
2026-01-06,0.6177592003893837,-1.1997121462183888,-1.1544597055608037,False,False
2026-01-07,-0.3445853571010193,-1.2206929151031163,-1.178289849104604,False,False
2026-01-08,0.007654532942294603,-1.1704378435128535,-1.1318733624057902,False,False
2026-01-09,0.6454611138321038,-1.138359869697296,-1.1035098914126513,False,False
2026-01-12,0.15763900591805138,-1.1806829350428263,-1.1474003321132062,False,False
2026-01-13,-0.1941005588207007,-1.1157238559154008,-1.0844635794456163,False,False
2026-01-14,-0.5347633584135448,-1.0770799725910862,-1.0495660374592564,False,False
2026-01-15,0.2576603920444464,-1.0952595584611544,-1.066215620383676,False,False
2026-01-16,-0.06425086684515026,-1.095844972114116,-1.0731697330603929,False,False
2026-01-20,-2.0842460953261224,-1.0434534052446414,-1.0258082716150645,True,True
2026-01-21,1.152111763356032,-1.5091723703581308,-1.467491748290309,False,False
2026-01-22,0.547250070790214,-1.7052778459412912,-1.6732481607290268,False,False
2026-01-23,0.03268164274822459,-1.6181637309234937,-1.570870381288637,False,False
2026-01-26,0.499359426016032,-1.5038009631741809,-1.4553137355207135,False,False
2026-01-27,0.40735878404412407,-1.4672413108807818,-1.417645290213192,False,False
2026-01-28,-0.008172639170147053,-1.4159958996881472,-1.3649847347848192,False,False
2026-01-29,-0.12934674424623016,-1.3546103350913818,-1.3029984888257966,False,False
2026-01-30,-0.43111794144580756,-1.286407990251652,-1.2347384738254967,False,False
2026-02-02,0.5376785277364613,-1.2588915740000117,-1.2083702369041942,False,False
2026-02-03,-0.8439495590663714,-1.2799731842495707,-1.233211899446702,False,False
2026-02-04,-0.5085300155013825,-1.2645693482666787,-1.2243208110901778,False,False
2026-02-05,-1.232667785383289,-1.270782425252372,-1.2257762721971939,False,True
2026-02-06,1.9504344282200718,-1.366416334889385,-1.3167850123394267,False,False
2026-02-09,0.4680117860123293,-1.7863388444901611,-1.7516383598916847,False,False
2026-02-10,-0.33091822845107055,-1.7485989186894058,-1.7044441951486893,False,False
2026-02-11,-0.00489572699497733,-1.595873686349169,-1.5513765969008113,False,False
2026-02-12,-1.578494138611745,-1.5265834852588263,-1.4779833815277499,True,True
2026-02-13,0.04989646444475858,-1.6462674486057782,-1.593295435778025,False,False
2026-02-17,0.10307906306565179,-1.6330829539651603,-1.5784319561343134,False,False
2026-02-18,0.5550636821134018,-1.551144454404034,-1.4904161300247591,False,False
2026-02-19,-0.2826115391534785,-1.515635841154948,-1.453635214283245,False,False
2026-02-20,0.6915755702175205,-1.4309608705852854,-1.367527634040657,False,False
2026-02-23,-1.043995947145646,-1.4581496231821298,-1.3977960279869777,False,False
2026-02-24,0.7622488962383376,-1.4466348643851041,-1.3941336739357737,False,False
2026-02-25,0.8103433970129401,-1.5109071360671147,-1.4642348584869331,False,False
2026-02-26,-0.5380026995566102,-1.5285625737499449,-1.4737565339586784,False,False
2026-02-27,-0.4348795128037643,-1.4364019264692662,-1.3835291959124758,False,False
2026-03-02,0.039827541313498915,-1.382006439084003,-1.3260778540409295,False,False
2026-03-03,-0.9488908731312503,-1.3053909754261224,-1.2487245277468015,False,False
2026-03-04,0.772612574014956,-1.3649886690710615,-1.3017197504863864,False,False
2026-03-05,-0.5662707772703004,-1.4637931803255921,-1.4122745801969951,False,False
2026-03-06,-1.3365720432496335,-1.3217204125030249,-1.2766496546707777,True,True
2026-03-09,0.8269871665388671,-1.4214604502128116,-1.360086699999442,False,False
2026-03-10,-0.2137402505887721,-1.611729218215178,-1.5702463777785594,False,False
2026-03-11,-0.08379521856348736,-1.4663197079544716,-1.4237966088254361,False,False
2026-03-12,-1.5344808189494537,-1.403640144215081,-1.3578755196075043,True,True
2026-03-13,-0.6077546398501344,-1.5187922100774172,-1.4797863207879958,False,False
2026-03-16,1.0079909746818998,-1.5588628446744968,-1.504359830380388,False,False
2026-03-17,0.2491149384952951,-1.6755638278072822,-1.6194641546956623,False,False
2026-03-18,-1.3700999383730839,-1.5546639078195708,-1.4891386487656915,False,False
2026-03-19,-0.2752582623899739,-1.587128497285389,-1.5319382028534188,False,False
2026-03-20,-1.5253934307770225,-1.595511826285287,-1.5313671340092485,False,False
2026-03-23,1.13881090950741,-1.6737869822709832,-1.620657438527143,False,False
2026-03-24,-0.3749595459320553,-1.7720765597842574,-1.7241633751474064,False,False
2026-03-25,0.5404493759949214,-1.6590307228781684,-1.6055890024764055,False,False
2026-03-26,-1.7559440961209507,-1.6603041926627569,-1.6045937642607315,True,True
2026-03-27,-1.686323194605131,-1.7764404310614135,-1.732436455325449,False,False
2026-03-30,-0.39535538333558956,-1.9162039374840405,-1.8448898357292873,False,False
2026-03-31,2.8714893309798715,-1.9115546691816223,-1.8268355594598569,False,False
2026-04-01,0.7142945003759281,-2.591666651113581,-2.492466549892231,False,False
2026-04-02,0.11202481362370179,-2.3878194995742845,-2.2690202727008795,False,False
2026-04-06,0.44170131316058087,-2.240425539953672,-2.1172520834015693,False,False
2026-04-07,0.07589600331270599,-2.1068492763661792,-1.9791050666663506,False,False
2026-04-08,2.4772038357183543,-1.95973243786937,-1.8292892418425182,False,False
2026-04-09,0.6151066869514015,-2.4667807627210885,-2.35680349323918,False,False
2026-04-10,-0.11391696991393636,-2.2971260772744246,-2.169636850530695,False,False
2026-04-13,1.0121875493741075,-2.1333084482894176,-2.0017065793318345,False,False
2026-04-14,1.1713988916143618,-2.0712311215142756,-1.9432023291660467,False,False
2026-04-15,0.794414491156507,-2.1179834580721586,-1.9835541677304782,False,False
2026-04-16,0.2606555815286028,-2.0509454847491835,-1.9106888706100564,False,False
2026-04-17,1.1968553928737802,-1.9116055110900874,-1.7810455551981008,False,False
2026-04-20,-0.23771959102520376,-1.9367130191523376,-1.8114849919299236,False,False
2026-04-21,-0.6368453580853141,-1.8306478537181625,-1.6931958850212059,False,False
2026-04-22,1.0405756011537826,-1.7703271884406062,-1.6358307137019383,False,False
2026-04-23,-0.41414321709399987,-1.7933898659939547,-1.675007255221696,False,False
2026-04-24,0.7942067917632457,-1.7012591901254428,-1.5846427572216326,False,False
2026-04-27,0.1231618000549854,-1.6928532001454486,-1.5822673346035714,False,False
2026-04-28,-0.4906187868795949,-1.6141815294724104,-1.505196691702876,False,False
2026-04-29,-0.03992517435124843,-1.554589782699726,-1.4518127443495823,False,False
2026-04-30,1.0186184168105012,-1.445268537690633,-1.3472492126052773,False,False
2026-05-01,0.292404968652147,-1.5618926593431044,-1.4745364074265264,False,False
2026-05-04,-0.4070462487840939,-1.46564941501608,-1.3779429618786385,False,False
2026-05-05,0.8087227380575185,-1.3773823653652384,-1.2949653570458997,False,False
2026-05-06,1.4482944327746903,-1.446811444715928,-1.3737258272882067,False,False
2026-05-07,-0.38103454826786937,-1.5784394333554272,-1.508509548565073,False,False
2026-05-08,0.8390405429031966,-1.5496324946697217,-1.474923588242513,False,False
2026-05-11,0.18781917406753335,-1.5303348811063582,-1.4558829762810335,False,False
2026-05-12,-0.16038944114079717,-1.4638358091435004,-1.3870102380367502,False,False
2026-05-13,0.5832206062995343,-1.419227447015535,-1.3423562115922423,False,False
2026-05-14,0.7626449143738461,-1.3895369223401552,-1.3139578467970705,False,False
2026-05-15,-1.2440381787730352,-1.4080176822263268,-1.3371819311998974,False,False
2026-05-18,-0.07359385925655568,-1.5005579026636349,-1.4372804721174866,False,False
2026-05-19,-0.6700720556670582,-1.4692705154413672,-1.402781080971519,False,False
2026-05-20,1.0734208066325956,-1.4332623813907561,-1.370809299734337,False,False
2026-05-21,0.17138609316666426,-1.5155067730478313,-1.4588587958718606,False,False
2026-05-22,0.3720045284340991,-1.4492577831231337,-1.388877932744393,False,False
2026-05-25,0.0,-1.3933677759174947,-1.330537489174166,False,False
2026-05-26,0.6089680623147165,-1.3314203062096461,-1.268326024379056,False,False
2026-05-27,0.016486555361860243,-1.3195187705874998,-1.258449544116526,False,False
2026-05-28,0.5737227212216409,-1.2820927087144514,-1.2221421492372595,False,False
2026-05-29,0.21699047314878453,-1.2797107594586417,-1.220678553107097,False,False
2026-06-01,0.26218560604907887,-1.2339355619785055,-1.1763622738681954,False,False
2026-06-02,0.12912549125880068,-1.178048281726983,-1.1230748711113971,False,False
2026-06-03,-0.7399348892067432,-1.1537080712544587,-1.1033622820527154,False,False
2026-06-04,0.40467623691873905,-1.1763616974836615,-1.1316722609395538,False,False
2026-06-05,-2.6801330315360894,-1.1801585980486882,-1.1390810928951824,True,True
2026-06-08,0.29737052076611975,-1.7716427795794092,-1.7385531614211263,False,False
2026-06-09,-0.2579718592621945,-1.873655407439294,-1.8396357379128774,False,False
2026-06-10,-1.6332095868206011,-1.687412544561163,-1.6447002902482681,False,False
2026-06-11,1.736719891346488,-1.835891114201308,-1.7818598481328514,False,False
2026-06-12,0.5012928127161433,-2.091751925736538,-2.041965755426648,False,False
2026-06-15,1.639328413858115,-1.9829259181558685,-1.9185418464385369,False,False
2026-06-16,-0.5700396039273383,-2.0945661266254376,-2.010150143136868,False,False
2026-06-17,-1.2222675603360273,-1.9800412953974942,-1.8939741960737977,False,False
2026-06-18,1.0787813962926183,-1.9568269578714494,-1.866233797663532,False,False
2026-06-22,-0.3711932684976348,-2.031864916657302,-1.9436524881234134,False,False
2026-06-23,-1.4466928386098656,-1.8632957241758623,-1.7750317302020966,False,False
2026-06-24,-0.09834153677319339,-1.9191151386536105,-1.826346290749315,False,False
2026-06-25,-0.009921104004703283,-1.8765949425851058,-1.7780817205790946,False,False
2026-06-26,-0.04717686829183932,-1.7568912693163283,-1.6550828361057095,False,False
2026-06-29,1.168156135934559,-1.6805839814405241,-1.5772398564685526,False,False
2026-06-30,0.7888998838148293,-1.7382666119263122,-1.636059595569725,False,False
2026-07-01,-0.21531509855513084,-1.7328256455153035,-1.6325585756723733,False,False
2026-07-02,0.0001370250446897007,-1.6178714552893714,-1.5180335443779356,False,False
2026-07-06,0.7215413830444529,-1.5480608058617864,-1.4488442083078112,False,False
2026-07-07,-0.44650632531854906,-1.5409893195976292,-1.4452712179364149,False,False
2026-07-08,-0.28212145626126695,-1.4622157982493944,-1.3709825880633126,False,False
2026-07-09,0.8109821657156896,-1.4023548617091197,-1.3102364385074223,False,False
2026-07-10,0.42000109925717266,-1.4528394710370969,-1.3706571778970176,False,False
2026-07-13,-0.7958609028043705,-1.4092761282493502,-1.3296739715543768,False,False
2026-07-14,0.3751931076883282,-1.3583637278659602,-1.287308106808957,False,False
2026-07-15,0.3811869942054222,-1.3683485876262502,-1.3026810102166853,False,False
2026-07-16,-0.5114462132765812,-1.3363284134074187,-1.271207316253544,False,False
2026-07-17,-1.0149876192112737,-1.2724152556278538,-1.2125828556499272,False,False
2026-07-20,-0.19341238867804414,-1.3339541083729038,-1.271926000054931,False,False
2026-07-21,0.8817378432212827,-1.3262555538038967,-1.2613837429025077,False,False
2026-07-22,-0.13646224263997142,-1.406588497740634,-1.3457601205071514,False,False
2026-07-23,-1.216337213127651,-1.3235373119401959,-1.2632679410197831,False,False
2026-07-24,0.04966405371888175,-1.3926190784375663,-1.3396358677392821,False,False
2026-07-27,0.016191330177520103,-1.37463670672196,-1.319051000474371,False,False
2026-07-28,0.21020963754603475,-1.3149965913444355,-1.2578997182404603,False,False
2026-07-29,-1.5277397157074193,-1.2799965145133945,-1.223175946465635,True,True
2026-07-30,1.6468013977056841,-1.4429369187294605,-1.3964255987067073,False,False
2026-07-31,0.6979208383378552,-1.777395791156228,-1.746947708323212,False,False
